elapsed.time,treatment,group,NH3.flux
0,0-bp,No acid,11.60876997
0,0-bp,No acid,39.24787388
0,0-bp,No acid,50.29987379
3,0-bp,No acid,2.399726519
3,0-bp,No acid,4.476476413
3,0-bp,No acid,2.79929532
5,0-bp,No acid,1.299452997
5,0-bp,No acid,2.535956607
5,0-bp,No acid,1.260945051
8,0-bp,No acid,0.802731423
8,0-bp,No acid,0.311883479
8,0-bp,No acid,0.197174003
10,0-bp,No acid,-0.343115079
10,0-bp,No acid,-1.031426508
10,0-bp,No acid,-0.719645804
13,0-bp,No acid,0.647789884
13,0-bp,No acid,-0.407511802
13,0-bp,No acid,-0.138058958
15,0-bp,No acid,0.760175855
15,0-bp,No acid,-0.17668355
15,0-bp,No acid,0.328171329
18,0-bp,No acid,0.938256486
18,0-bp,No acid,-0.275671979
18,0-bp,No acid,0.184310369
20,0-bp,No acid,3.757382899
20,0-bp,No acid,-1.546655463
20,0-bp,No acid,-0.20410028
23,0-bp,No acid,3.269900125
23,0-bp,No acid,0.38370511
23,0-bp,No acid,-0.11334114
25,0-bp,No acid,3.390086607
25,0-bp,No acid,-0.360885805
25,0-bp,No acid,-1.082155575
28,0-bp,No acid,2.328251574
28,0-bp,No acid,0.559303603
28,0-bp,No acid,-0.11609784
30,0-bp,No acid,1.043723905
30,0-bp,No acid,0.164700001
30,0-bp,No acid,-0.098439816
33,0-bp,No acid,0.807753195
33,0-bp,No acid,-0.344410679
33,0-bp,No acid,-0.335554436
35,0-bp,No acid,0.763944788
35,0-bp,No acid,-0.516805735
35,0-bp,No acid,-0.288583195
38,0-bp,No acid,0.710338998
38,0-bp,No acid,-0.507388287
38,0-bp,No acid,-0.223227117
41,0-bp,No acid,1.033305787
41,0-bp,No acid,-0.495172058
41,0-bp,No acid,-0.060171385
43,0-bp,No acid,1.373259984
43,0-bp,No acid,-0.491023305
43,0-bp,No acid,0.09221935
46,0-bp,No acid,2.11494067
46,0-bp,No acid,-0.850628241
46,0-bp,No acid,0.346948896
48,0-bp,No acid,3.27026892
48,0-bp,No acid,-1.222751696
48,0-bp,No acid,0.230547637
51,0-bp,No acid,2.637548926
51,0-bp,No acid,-0.612038064
51,0-bp,No acid,0.237008042
53,0-bp,No acid,1.50751226
53,0-bp,No acid,1.19817325
53,0-bp,No acid,0.486803017
56,0-bp,No acid,1.044713506
56,0-bp,No acid,-0.355223599
56,0-bp,No acid,-0.248031077
58,0-bp,No acid,1.163577329
58,0-bp,No acid,-0.301760643
58,0-bp,No acid,0.100198212
61,0-bp,No acid,1.216975202
61,0-bp,No acid,-0.294404004
61,0-bp,No acid,0.23136646
63,0-bp,No acid,1.186607196
63,0-bp,No acid,-0.26389081
63,0-bp,No acid,0.247391212
66,0-bp,No acid,1.228828392
66,0-bp,No acid,-0.246677715
66,0-bp,No acid,0.282911018
68,0-bp,No acid,3.264304661
68,0-bp,No acid,-0.717512371
68,0-bp,No acid,0.444429421
71,0-bp,No acid,3.350504462
71,0-bp,No acid,0.19639201
71,0-bp,No acid,0.232030263
73,0-bp,No acid,3.87800185
73,0-bp,No acid,0.276478724
73,0-bp,No acid,-0.257156979
76,0-bp,No acid,2.240544911
76,0-bp,No acid,0.557808905
76,0-bp,No acid,0.186476302
78,0-bp,No acid,0.878126061
78,0-bp,No acid,-0.214857788
78,0-bp,No acid,-0.415926064
81,0-bp,No acid,0.893810322
81,0-bp,No acid,-0.298581906
81,0-bp,No acid,-0.264940584
84,0-bp,No acid,0.62623452
84,0-bp,No acid,-0.588601054
84,0-bp,No acid,-0.282754286
86,0-bp,No acid,0.906157464
86,0-bp,No acid,-0.509362627
86,0-bp,No acid,-0.129381767
89,0-bp,No acid,0.715853452
89,0-bp,No acid,-0.475376609
89,0-bp,No acid,-0.11429248
91,0-bp,No acid,1.176219356
91,0-bp,No acid,-0.998553335
91,0-bp,No acid,-0.546336226
94,0-bp,No acid,2.383658778
94,0-bp,No acid,0.946118845
94,0-bp,No acid,1.159611117
96,0-bp,No acid,2.928992497
96,0-bp,No acid,0.008115694
96,0-bp,No acid,0.045040051
99,0-bp,No acid,2.297646446
99,0-bp,No acid,0.143207954
99,0-bp,No acid,-0.091335516
101,0-bp,No acid,1.187167785
101,0-bp,No acid,0.673746186
101,0-bp,No acid,-0.080937226
104,0-bp,No acid,0.827649733
104,0-bp,No acid,-0.335847048
104,0-bp,No acid,-0.363468372
106,0-bp,No acid,0.505849236
106,0-bp,No acid,-0.81658394
106,0-bp,No acid,-0.692997338
109,0-bp,No acid,0.642079224
109,0-bp,No acid,-0.541668139
109,0-bp,No acid,-0.22060306
111,0-bp,No acid,0.592568785
111,0-bp,No acid,-0.489266469
111,0-bp,No acid,-0.184210644
114,0-bp,No acid,1.040884141
114,0-bp,No acid,-0.575702646
114,0-bp,No acid,-0.200394121
116,0-bp,No acid,1.627008514
116,0-bp,No acid,-0.574220274
116,0-bp,No acid,0.068069093
119,0-bp,No acid,1.325371331
119,0-bp,No acid,-0.891641862
119,0-bp,No acid,0.040352264
122,0-bp,No acid,1.154789808
122,0-bp,No acid,4.570918737
122,0-bp,No acid,7.529223678
124,0-bp,No acid,1.103221428
124,0-bp,No acid,1.145967049
124,0-bp,No acid,0.273392767
127,0-bp,No acid,0.861808411
127,0-bp,No acid,0.149215216
127,0-bp,No acid,-0.079803573
129,0-bp,No acid,0.860552301
129,0-bp,No acid,-0.05968504
129,0-bp,No acid,-0.163512755
132,0-bp,No acid,0.89183506
132,0-bp,No acid,-0.100291871
132,0-bp,No acid,-0.193420759
134,0-bp,No acid,0.916002117
134,0-bp,No acid,-0.125623271
134,0-bp,No acid,-0.241332993
137,0-bp,No acid,0.847490625
137,0-bp,No acid,-0.073590738
137,0-bp,No acid,-0.231140695
139,0-bp,No acid,1.472580068
139,0-bp,No acid,0.220064534
139,0-bp,No acid,0.126907574
0,1.5,Low acid,10.61939782
0,1.5,Low acid,1.925697491
0,1.5,Low acid,8.186360124
3,1.5,Low acid,2.165066018
3,1.5,Low acid,2.766231156
3,1.5,Low acid,1.958673712
5,1.5,Low acid,1.978616471
5,1.5,Low acid,1.126553673
5,1.5,Low acid,1.600291882
8,1.5,Low acid,0.855721926
8,1.5,Low acid,0.770691959
8,1.5,Low acid,0.258058448
10,1.5,Low acid,-0.261517792
10,1.5,Low acid,-0.395054252
10,1.5,Low acid,-0.98269064
13,1.5,Low acid,0.624554067
13,1.5,Low acid,0.527119193
13,1.5,Low acid,-0.257094114
15,1.5,Low acid,0.812971579
15,1.5,Low acid,0.590785542
15,1.5,Low acid,-0.002671836
18,1.5,Low acid,0.837562629
18,1.5,Low acid,0.865131054
18,1.5,Low acid,-0.092989711
20,1.5,Low acid,2.089471478
20,1.5,Low acid,3.220145769
20,1.5,Low acid,-1.264143012
23,1.5,Low acid,2.71917713
23,1.5,Low acid,4.390890117
23,1.5,Low acid,0.055664396
25,1.5,Low acid,3.807050898
25,1.5,Low acid,3.998892528
25,1.5,Low acid,-0.1868875
28,1.5,Low acid,4.171776556
28,1.5,Low acid,2.488531872
28,1.5,Low acid,0.86988576
30,1.5,Low acid,1.514906731
30,1.5,Low acid,1.121043616
30,1.5,Low acid,0.303099323
33,1.5,Low acid,0.924496803
33,1.5,Low acid,0.934692692
33,1.5,Low acid,-0.10973998
35,1.5,Low acid,0.797130648
35,1.5,Low acid,0.845944441
35,1.5,Low acid,-0.277446127
38,1.5,Low acid,0.742688302
38,1.5,Low acid,0.731264065
38,1.5,Low acid,-0.270455991
41,1.5,Low acid,1.020558358
41,1.5,Low acid,1.008213954
41,1.5,Low acid,-0.244373525
43,1.5,Low acid,1.056470388
43,1.5,Low acid,1.352673749
43,1.5,Low acid,-0.2689021
46,1.5,Low acid,1.794047741
46,1.5,Low acid,1.603526412
46,1.5,Low acid,-0.533173399
48,1.5,Low acid,2.316604039
48,1.5,Low acid,3.82660189
48,1.5,Low acid,-0.486327086
51,1.5,Low acid,3.973892408
51,1.5,Low acid,2.867086145
51,1.5,Low acid,-0.447040524
53,1.5,Low acid,2.441918651
53,1.5,Low acid,1.397887626
53,1.5,Low acid,0.830018185
56,1.5,Low acid,1.095442428
56,1.5,Low acid,1.12107054
56,1.5,Low acid,-0.246726888
58,1.5,Low acid,1.173410215
58,1.5,Low acid,1.013244254
58,1.5,Low acid,-0.202422274
61,1.5,Low acid,1.025671295
61,1.5,Low acid,1.019173863
61,1.5,Low acid,-0.205530383
63,1.5,Low acid,1.037297062
63,1.5,Low acid,0.914130426
63,1.5,Low acid,-0.192614204
66,1.5,Low acid,1.01657777
66,1.5,Low acid,0.975338205
66,1.5,Low acid,-0.161562285
68,1.5,Low acid,1.574909749
68,1.5,Low acid,1.72950458
68,1.5,Low acid,-0.437637323
71,1.5,Low acid,3.513242658
71,1.5,Low acid,3.888017208
71,1.5,Low acid,0.217065106
73,1.5,Low acid,3.886396423
73,1.5,Low acid,4.216774085
73,1.5,Low acid,0.405799393
76,1.5,Low acid,3.729142036
76,1.5,Low acid,2.211236792
76,1.5,Low acid,1.157936565
78,1.5,Low acid,1.335342756
78,1.5,Low acid,0.900180316
78,1.5,Low acid,0.019206348
81,1.5,Low acid,1.017937005
81,1.5,Low acid,0.907234856
81,1.5,Low acid,-0.035049615
84,1.5,Low acid,0.767637842
84,1.5,Low acid,0.635350022
84,1.5,Low acid,-0.348044969
86,1.5,Low acid,1.032093146
86,1.5,Low acid,0.897201974
86,1.5,Low acid,-0.212725845
89,1.5,Low acid,0.933587544
89,1.5,Low acid,0.610840724
89,1.5,Low acid,-0.165655543
91,1.5,Low acid,0.884667491
91,1.5,Low acid,1.213976102
91,1.5,Low acid,-0.64070292
94,1.5,Low acid,3.163077619
94,1.5,Low acid,3.105159945
94,1.5,Low acid,2.342369307
96,1.5,Low acid,3.966336774
96,1.5,Low acid,4.173140531
96,1.5,Low acid,0.827388456
99,1.5,Low acid,3.271592837
99,1.5,Low acid,2.843391106
99,1.5,Low acid,0.450283883
101,1.5,Low acid,1.830071954
101,1.5,Low acid,1.345981974
101,1.5,Low acid,0.691209567
104,1.5,Low acid,0.992625901
104,1.5,Low acid,0.940992287
104,1.5,Low acid,-0.079933435
106,1.5,Low acid,0.530467963
106,1.5,Low acid,0.572505434
106,1.5,Low acid,-0.556318071
109,1.5,Low acid,0.765906646
109,1.5,Low acid,0.671594977
109,1.5,Low acid,-0.240264858
111,1.5,Low acid,0.665462778
111,1.5,Low acid,0.580748021
111,1.5,Low acid,-0.205429125
114,1.5,Low acid,0.9738123
114,1.5,Low acid,1.010929331
114,1.5,Low acid,-0.235129155
116,1.5,Low acid,1.31282805
116,1.5,Low acid,1.407781953
116,1.5,Low acid,-0.158941055
119,1.5,Low acid,1.655824559
119,1.5,Low acid,1.861635551
119,1.5,Low acid,-0.164051807
122,1.5,Low acid,2.073722091
122,1.5,Low acid,1.062828892
122,1.5,Low acid,5.348183985
124,1.5,Low acid,1.515019445
124,1.5,Low acid,1.224879514
124,1.5,Low acid,1.262522456
127,1.5,Low acid,0.969970123
127,1.5,Low acid,0.973249849
127,1.5,Low acid,0.328455209
129,1.5,Low acid,0.888965508
129,1.5,Low acid,0.994299868
129,1.5,Low acid,0.127992735
132,1.5,Low acid,0.890985087
132,1.5,Low acid,1.018839544
132,1.5,Low acid,0.111193709
134,1.5,Low acid,0.940995637
134,1.5,Low acid,1.045340255
134,1.5,Low acid,0.062035947
137,1.5,Low acid,0.799656283
137,1.5,Low acid,0.966388815
137,1.5,Low acid,0.093645609
139,1.5,Low acid,1.341296236
139,1.5,Low acid,2.195059416
139,1.5,Low acid,1.553384933
139,1.5,Low acid,0.426134114
0,2.9,Medium acid,-3.005748809
0,2.9,Medium acid,-2.288111026
0,2.9,Medium acid,-3.839800722
3,2.9,Medium acid,0.764022328
3,2.9,Medium acid,1.670516851
3,2.9,Medium acid,0.967488155
5,2.9,Medium acid,0.943159457
5,2.9,Medium acid,0.84532566
5,2.9,Medium acid,0.548828353
8,2.9,Medium acid,0.412427256
8,2.9,Medium acid,0.849158684
8,2.9,Medium acid,-0.419382238
10,2.9,Medium acid,-0.658208335
10,2.9,Medium acid,-0.267304331
10,2.9,Medium acid,-1.494092044
13,2.9,Medium acid,0.252798853
13,2.9,Medium acid,0.688979484
13,2.9,Medium acid,-0.729552984
15,2.9,Medium acid,0.381402796
15,2.9,Medium acid,0.790016323
15,2.9,Medium acid,-0.444392947
18,2.9,Medium acid,0.477014549
18,2.9,Medium acid,1.137480093
18,2.9,Medium acid,-0.567428994
20,2.9,Medium acid,1.172848692
20,2.9,Medium acid,3.572829542
20,2.9,Medium acid,-1.665263725
23,2.9,Medium acid,2.07099608
23,2.9,Medium acid,4.342024499
23,2.9,Medium acid,-0.340724377
25,2.9,Medium acid,3.262203449
25,2.9,Medium acid,3.886411119
25,2.9,Medium acid,-0.736483503
28,2.9,Medium acid,2.712062321
28,2.9,Medium acid,2.409010538
28,2.9,Medium acid,0.095266606
30,2.9,Medium acid,0.952488807
30,2.9,Medium acid,1.228686774
30,2.9,Medium acid,-0.239078689
33,2.9,Medium acid,0.629677846
33,2.9,Medium acid,1.138802857
33,2.9,Medium acid,-0.585316144
35,2.9,Medium acid,0.522460074
35,2.9,Medium acid,1.088348815
35,2.9,Medium acid,-0.746014105
38,2.9,Medium acid,0.480628407
38,2.9,Medium acid,1.063490523
38,2.9,Medium acid,-0.723421245
41,2.9,Medium acid,0.733183393
41,2.9,Medium acid,1.321390829
41,2.9,Medium acid,-0.712997756
43,2.9,Medium acid,0.804795794
43,2.9,Medium acid,1.586219396
43,2.9,Medium acid,-0.745924498
46,2.9,Medium acid,1.135912982
46,2.9,Medium acid,2.023850094
46,2.9,Medium acid,-0.93641239
48,2.9,Medium acid,1.551092528
48,2.9,Medium acid,4.188259479
48,2.9,Medium acid,-0.836578523
51,2.9,Medium acid,2.427485725
51,2.9,Medium acid,3.071374561
51,2.9,Medium acid,-0.839027132
53,2.9,Medium acid,1.564966131
53,2.9,Medium acid,1.383001187
53,2.9,Medium acid,0.095830895
56,2.9,Medium acid,0.835209851
56,2.9,Medium acid,1.330569072
56,2.9,Medium acid,-0.733539159
58,2.9,Medium acid,0.832182829
58,2.9,Medium acid,1.194674422
58,2.9,Medium acid,-0.681710575
61,2.9,Medium acid,0.710142144
61,2.9,Medium acid,1.187053657
61,2.9,Medium acid,-0.70609493
63,2.9,Medium acid,0.659066724
63,2.9,Medium acid,1.115483751
63,2.9,Medium acid,-0.717654468
66,2.9,Medium acid,0.612950587
66,2.9,Medium acid,1.296521137
66,2.9,Medium acid,-0.718083452
68,2.9,Medium acid,0.745863377
68,2.9,Medium acid,2.879725417
68,2.9,Medium acid,-1.130371883
71,2.9,Medium acid,2.371907415
71,2.9,Medium acid,4.050386684
71,2.9,Medium acid,-0.445040371
73,2.9,Medium acid,2.913840948
73,2.9,Medium acid,4.150156556
73,2.9,Medium acid,-0.243515837
76,2.9,Medium acid,2.201329889
76,2.9,Medium acid,2.02927133
76,2.9,Medium acid,0.279526363
78,2.9,Medium acid,0.752445951
78,2.9,Medium acid,0.966143079
78,2.9,Medium acid,-0.526472929
81,2.9,Medium acid,0.701967759
81,2.9,Medium acid,1.050846293
81,2.9,Medium acid,-0.472147186
84,2.9,Medium acid,0.410933127
84,2.9,Medium acid,0.832127307
84,2.9,Medium acid,-0.750162994
86,2.9,Medium acid,0.639576065
86,2.9,Medium acid,1.111184349
86,2.9,Medium acid,-0.640219097
89,2.9,Medium acid,0.482079964
89,2.9,Medium acid,0.788993098
89,2.9,Medium acid,-0.620846563
91,2.9,Medium acid,0.534538585
91,2.9,Medium acid,2.082857187
91,2.9,Medium acid,-1.104511367
94,2.9,Medium acid,2.251564275
94,2.9,Medium acid,3.141151973
94,2.9,Medium acid,1.545937346
96,2.9,Medium acid,3.235993582
96,2.9,Medium acid,4.161679964
96,2.9,Medium acid,0.112234617
99,2.9,Medium acid,2.381854089
99,2.9,Medium acid,2.840341506
99,2.9,Medium acid,0.19663094
101,2.9,Medium acid,1.271342553
101,2.9,Medium acid,1.348455575
101,2.9,Medium acid,0.263150101
104,2.9,Medium acid,0.749087259
104,2.9,Medium acid,1.062251033
104,2.9,Medium acid,-0.470234493
106,2.9,Medium acid,0.341593876
106,2.9,Medium acid,0.768012006
106,2.9,Medium acid,-0.894813173
109,2.9,Medium acid,0.495304142
109,2.9,Medium acid,0.831459253
109,2.9,Medium acid,-0.527560556
111,2.9,Medium acid,0.385556353
111,2.9,Medium acid,0.771616021
111,2.9,Medium acid,-0.440251157
114,2.9,Medium acid,0.693474502
114,2.9,Medium acid,1.342617631
114,2.9,Medium acid,-0.500607945
116,2.9,Medium acid,0.985429221
116,2.9,Medium acid,1.961043635
116,2.9,Medium acid,-0.298631843
119,2.9,Medium acid,2.485360769
119,2.9,Medium acid,3.653548131
119,2.9,Medium acid,-0.107820929
122,2.9,Medium acid,0.991353722
122,2.9,Medium acid,1.739589846
122,2.9,Medium acid,0.772588313
124,2.9,Medium acid,1.081467219
124,2.9,Medium acid,1.597357629
124,2.9,Medium acid,0.784587015
127,2.9,Medium acid,0.763495833
127,2.9,Medium acid,1.304728223
127,2.9,Medium acid,-0.05465624
129,2.9,Medium acid,0.701623172
129,2.9,Medium acid,1.33920232
129,2.9,Medium acid,-0.230023213
132,2.9,Medium acid,0.729823905
132,2.9,Medium acid,1.408915058
132,2.9,Medium acid,-0.261243972
134,2.9,Medium acid,0.77965019
134,2.9,Medium acid,1.364397034
134,2.9,Medium acid,-0.339519951
137,2.9,Medium acid,0.671306486
137,2.9,Medium acid,1.292436964
137,2.9,Medium acid,-0.317986178
139,2.9,Medium acid,0.84032032
139,2.9,Medium acid,0.011673581
0,5.7,High acid,-1.36728495
0,5.7,High acid,-2.734655189
0,5.7,High acid,-2.708019839
3,5.7,High acid,1.532480459
3,5.7,High acid,0.067654449
3,5.7,High acid,0.137233042
5,5.7,High acid,1.14080791
5,5.7,High acid,0.168949367
5,5.7,High acid,0.036420506
8,5.7,High acid,0.748732837
8,5.7,High acid,0.390499844
8,5.7,High acid,-0.640295042
10,5.7,High acid,-0.343344569
10,5.7,High acid,-0.621903771
10,5.7,High acid,-1.585451968
13,5.7,High acid,0.5415829
13,5.7,High acid,0.435973288
13,5.7,High acid,-0.73214839
15,5.7,High acid,0.63599282
15,5.7,High acid,0.515168227
15,5.7,High acid,-0.563638912
18,5.7,High acid,0.828546755
18,5.7,High acid,0.937679651
18,5.7,High acid,-0.57324234
20,5.7,High acid,2.732162529
20,5.7,High acid,3.294907039
20,5.7,High acid,-0.949927134
23,5.7,High acid,3.795226446
23,5.7,High acid,3.721943709
23,5.7,High acid,0.117457751
25,5.7,High acid,4.409117466
25,5.7,High acid,2.769978344
25,5.7,High acid,-0.936124618
28,5.7,High acid,3.018480013
28,5.7,High acid,1.272573279
28,5.7,High acid,0.395555054
30,5.7,High acid,1.209020644
30,5.7,High acid,0.811883847
30,5.7,High acid,-0.492339992
33,5.7,High acid,0.988538923
33,5.7,High acid,0.810748
33,5.7,High acid,-0.678928938
35,5.7,High acid,0.86112115
35,5.7,High acid,0.829136561
35,5.7,High acid,-0.651604518
38,5.7,High acid,0.783532152
38,5.7,High acid,0.853847184
38,5.7,High acid,-0.747925719
41,5.7,High acid,1.038452917
41,5.7,High acid,1.071282926
41,5.7,High acid,-0.667884869
43,5.7,High acid,1.314966416
43,5.7,High acid,1.420533076
43,5.7,High acid,-0.77860171
46,5.7,High acid,1.662484004
46,5.7,High acid,1.84414433
46,5.7,High acid,-0.900077534
48,5.7,High acid,3.278727352
48,5.7,High acid,3.994130236
48,5.7,High acid,0.301135509
51,5.7,High acid,3.159466215
51,5.7,High acid,2.176785469
51,5.7,High acid,0.037014744
53,5.7,High acid,1.800678347
53,5.7,High acid,0.800153226
53,5.7,High acid,-0.147792605
56,5.7,High acid,1.132137997
56,5.7,High acid,1.088318727
56,5.7,High acid,-0.764728378
58,5.7,High acid,1.118193297
58,5.7,High acid,0.957875698
58,5.7,High acid,-0.685864474
61,5.7,High acid,1.080805983
61,5.7,High acid,0.972372957
61,5.7,High acid,-0.710334512
63,5.7,High acid,1.006568436
63,5.7,High acid,0.871121699
63,5.7,High acid,-0.720153873
66,5.7,High acid,0.951499138
66,5.7,High acid,1.150844894
66,5.7,High acid,-0.760494425
68,5.7,High acid,1.580420016
68,5.7,High acid,2.88479402
68,5.7,High acid,-1.072995946
71,5.7,High acid,3.517911418
71,5.7,High acid,3.781381513
71,5.7,High acid,-0.054617659
73,5.7,High acid,4.083985492
73,5.7,High acid,2.743538903
73,5.7,High acid,-0.29424401
76,5.7,High acid,2.562512119
76,5.7,High acid,1.232652052
76,5.7,High acid,0.426948268
78,5.7,High acid,0.975189167
78,5.7,High acid,0.629994721
78,5.7,High acid,-0.808032744
81,5.7,High acid,0.977026293
81,5.7,High acid,0.784637863
81,5.7,High acid,-0.645425018
84,5.7,High acid,0.705305596
84,5.7,High acid,0.613248316
84,5.7,High acid,-0.809666157
86,5.7,High acid,0.912301044
86,5.7,High acid,0.868808559
86,5.7,High acid,-0.633748178
89,5.7,High acid,0.687502781
89,5.7,High acid,0.605958839
89,5.7,High acid,-0.698371166
91,5.7,High acid,1.077544819
91,5.7,High acid,2.523186105
91,5.7,High acid,-1.064271749
94,5.7,High acid,2.793730495
94,5.7,High acid,2.505771557
94,5.7,High acid,1.143361955
96,5.7,High acid,3.481343085
96,5.7,High acid,3.430255647
96,5.7,High acid,0.464392684
99,5.7,High acid,2.843253401
99,5.7,High acid,1.989272385
99,5.7,High acid,0.251796937
101,5.7,High acid,1.423488006
101,5.7,High acid,0.905980978
101,5.7,High acid,-0.280453857
104,5.7,High acid,0.981892264
104,5.7,High acid,0.815632117
104,5.7,High acid,-0.591836617
106,5.7,High acid,0.576703543
106,5.7,High acid,0.530030495
106,5.7,High acid,-0.952519009
109,5.7,High acid,0.706940177
109,5.7,High acid,0.620320612
109,5.7,High acid,-0.700721037
111,5.7,High acid,0.612511493
111,5.7,High acid,0.634812066
111,5.7,High acid,-0.67811237
114,5.7,High acid,0.992690134
114,5.7,High acid,1.183722269
114,5.7,High acid,-0.661294458
116,5.7,High acid,1.327821817
116,5.7,High acid,1.588811769
116,5.7,High acid,-0.669363874
119,5.7,High acid,2.077361586
119,5.7,High acid,2.181202084
119,5.7,High acid,-0.083400541
122,5.7,High acid,1.160234947
122,5.7,High acid,1.533391848
122,5.7,High acid,2.892669438
124,5.7,High acid,1.293442304
124,5.7,High acid,1.169563255
124,5.7,High acid,0.222605371
127,5.7,High acid,0.989024199
127,5.7,High acid,1.051068431
127,5.7,High acid,-0.276853832
129,5.7,High acid,0.977550007
129,5.7,High acid,1.079901376
129,5.7,High acid,-0.310045809
132,5.7,High acid,1.01533079
132,5.7,High acid,1.189350713
132,5.7,High acid,-0.318007189
134,5.7,High acid,1.06745151
134,5.7,High acid,1.123052239
134,5.7,High acid,-0.35806548
137,5.7,High acid,0.964083803
137,5.7,High acid,1.09559262
137,5.7,High acid,-0.373753008
139,5.7,High acid,0.038416372
0,Mp,Machine plot,113.6794822
0,Mp,Machine plot,5.360872235
0,Mp,Machine plot,6.069218639
0,Mp,Machine plot,29.15806651
3,Mp,Machine plot,18.12749022
3,Mp,Machine plot,4.451304312
3,Mp,Machine plot,5.402157
3,Mp,Machine plot,12.96509399
5,Mp,Machine plot,9.97033379
5,Mp,Machine plot,2.385917314
5,Mp,Machine plot,1.970829779
5,Mp,Machine plot,5.894446326
8,Mp,Machine plot,3.766336098
8,Mp,Machine plot,1.19917503
8,Mp,Machine plot,1.610059073
8,Mp,Machine plot,1.445332561
10,Mp,Machine plot,1.088423166
10,Mp,Machine plot,-0.015723865
10,Mp,Machine plot,0.456250064
10,Mp,Machine plot,0.150822604
13,Mp,Machine plot,1.393773221
13,Mp,Machine plot,1.149201661
13,Mp,Machine plot,1.55371733
13,Mp,Machine plot,1.036459472
15,Mp,Machine plot,1.469131786
15,Mp,Machine plot,1.218988748
15,Mp,Machine plot,1.477420711
15,Mp,Machine plot,1.134169471
18,Mp,Machine plot,1.071013832
18,Mp,Machine plot,1.229589029
18,Mp,Machine plot,1.761489502
18,Mp,Machine plot,0.716750151
20,Mp,Machine plot,-0.245074392
20,Mp,Machine plot,4.946823731
20,Mp,Machine plot,5.509501771
20,Mp,Machine plot,2.471299146
23,Mp,Machine plot,3.009470343
23,Mp,Machine plot,5.191433951
23,Mp,Machine plot,7.359127584
23,Mp,Machine plot,4.83683928
25,Mp,Machine plot,4.049275678
25,Mp,Machine plot,6.867256089
25,Mp,Machine plot,6.744286662
25,Mp,Machine plot,5.887724974
28,Mp,Machine plot,6.146939969
28,Mp,Machine plot,5.642270366
28,Mp,Machine plot,3.519502713
28,Mp,Machine plot,6.634104373
30,Mp,Machine plot,3.097012776
30,Mp,Machine plot,1.900269569
30,Mp,Machine plot,1.830556494
30,Mp,Machine plot,1.7412979
33,Mp,Machine plot,1.137341109
33,Mp,Machine plot,1.160488698
33,Mp,Machine plot,1.730933803
33,Mp,Machine plot,0.167072642
35,Mp,Machine plot,0.778436893
35,Mp,Machine plot,1.221638495
35,Mp,Machine plot,1.593070418
35,Mp,Machine plot,0.707946153
38,Mp,Machine plot,0.806785934
38,Mp,Machine plot,1.156522067
38,Mp,Machine plot,1.322479861
38,Mp,Machine plot,0.563494077
41,Mp,Machine plot,0.605824319
41,Mp,Machine plot,1.560532409
41,Mp,Machine plot,2.060976366
41,Mp,Machine plot,0.935186493
43,Mp,Machine plot,0.838259648
43,Mp,Machine plot,1.773678161
43,Mp,Machine plot,2.538122443
43,Mp,Machine plot,1.030927405
46,Mp,Machine plot,0.765831303
46,Mp,Machine plot,3.096544896
46,Mp,Machine plot,4.004923396
46,Mp,Machine plot,2.531247101
48,Mp,Machine plot,0.914842626
48,Mp,Machine plot,5.039094458
48,Mp,Machine plot,6.777093733
48,Mp,Machine plot,5.163150966
51,Mp,Machine plot,3.628868315
51,Mp,Machine plot,5.312410783
51,Mp,Machine plot,5.232524065
51,Mp,Machine plot,4.371585346
53,Mp,Machine plot,5.491504253
53,Mp,Machine plot,2.618625527
53,Mp,Machine plot,1.840318443
53,Mp,Machine plot,2.798304452
56,Mp,Machine plot,1.400949047
56,Mp,Machine plot,1.501932688
56,Mp,Machine plot,2.421951539
56,Mp,Machine plot,1.107433804
58,Mp,Machine plot,2.153055137
58,Mp,Machine plot,1.870045297
58,Mp,Machine plot,2.589314109
58,Mp,Machine plot,2.11439302
61,Mp,Machine plot,2.215515636
61,Mp,Machine plot,2.004117009
61,Mp,Machine plot,2.654179561
61,Mp,Machine plot,2.446427589
63,Mp,Machine plot,2.279038215
63,Mp,Machine plot,2.101293455
63,Mp,Machine plot,2.696259559
63,Mp,Machine plot,2.649839758
66,Mp,Machine plot,2.321549194
66,Mp,Machine plot,2.140860434
66,Mp,Machine plot,3.188345533
66,Mp,Machine plot,2.561065007
68,Mp,Machine plot,2.201304158
68,Mp,Machine plot,3.634467922
68,Mp,Machine plot,6.608107656
68,Mp,Machine plot,3.976183377
71,Mp,Machine plot,5.122052118
71,Mp,Machine plot,5.90975119
71,Mp,Machine plot,7.224342217
71,Mp,Machine plot,6.304934978
73,Mp,Machine plot,4.504716008
73,Mp,Machine plot,6.397400486
73,Mp,Machine plot,6.248516938
73,Mp,Machine plot,4.992088336
76,Mp,Machine plot,4.634100678
76,Mp,Machine plot,4.610393542
76,Mp,Machine plot,2.705022637
76,Mp,Machine plot,3.747679294
78,Mp,Machine plot,1.866216827
78,Mp,Machine plot,1.768989147
78,Mp,Machine plot,1.750794993
78,Mp,Machine plot,1.129744797
81,Mp,Machine plot,1.241316868
81,Mp,Machine plot,1.715733659
81,Mp,Machine plot,1.961810358
81,Mp,Machine plot,0.8519005
84,Mp,Machine plot,1.254775403
84,Mp,Machine plot,1.436594542
84,Mp,Machine plot,1.77603022
84,Mp,Machine plot,1.592977369
86,Mp,Machine plot,0.976036008
86,Mp,Machine plot,1.629347838
86,Mp,Machine plot,1.926009378
86,Mp,Machine plot,1.370536602
89,Mp,Machine plot,1.200175844
89,Mp,Machine plot,1.474036181
89,Mp,Machine plot,1.606750975
89,Mp,Machine plot,1.128381641
91,Mp,Machine plot,0.55100723
91,Mp,Machine plot,1.640535537
91,Mp,Machine plot,6.726831718
91,Mp,Machine plot,1.075832239
94,Mp,Machine plot,4.71812011
94,Mp,Machine plot,4.939790953
94,Mp,Machine plot,4.222050647
94,Mp,Machine plot,3.844125392
96,Mp,Machine plot,1.873666784
96,Mp,Machine plot,4.723739012
96,Mp,Machine plot,5.12312703
96,Mp,Machine plot,3.361600308
99,Mp,Machine plot,2.764451632
99,Mp,Machine plot,4.025993315
99,Mp,Machine plot,3.191405096
99,Mp,Machine plot,2.678485206
101,Mp,Machine plot,2.108862864
101,Mp,Machine plot,1.747697074
101,Mp,Machine plot,1.147246032
101,Mp,Machine plot,0.446134381
104,Mp,Machine plot,0.24269299
104,Mp,Machine plot,1.068643639
104,Mp,Machine plot,1.135159579
104,Mp,Machine plot,-0.01151269
106,Mp,Machine plot,-0.318473277
106,Mp,Machine plot,0.814697326
106,Mp,Machine plot,1.140502676
106,Mp,Machine plot,-0.020533705
109,Mp,Machine plot,0.245401077
109,Mp,Machine plot,1.103154451
109,Mp,Machine plot,1.300219868
109,Mp,Machine plot,0.708924368
111,Mp,Machine plot,0.313941546
111,Mp,Machine plot,1.021929187
111,Mp,Machine plot,1.236116743
111,Mp,Machine plot,0.681113358
114,Mp,Machine plot,0.255751936
114,Mp,Machine plot,1.376880738
114,Mp,Machine plot,1.902741431
114,Mp,Machine plot,0.665775887
116,Mp,Machine plot,0.604751112
116,Mp,Machine plot,2.039656869
116,Mp,Machine plot,3.144162719
116,Mp,Machine plot,1.099035018
119,Mp,Machine plot,0.249781295
119,Mp,Machine plot,2.99592863
119,Mp,Machine plot,2.826566357
119,Mp,Machine plot,1.765461091
122,Mp,Machine plot,2.628993396
122,Mp,Machine plot,1.906586352
122,Mp,Machine plot,1.502289709
122,Mp,Machine plot,3.129529509
124,Mp,Machine plot,1.658916954
124,Mp,Machine plot,1.610816115
124,Mp,Machine plot,1.109920612
124,Mp,Machine plot,0.016721852
127,Mp,Machine plot,0.653456594
127,Mp,Machine plot,1.131185384
127,Mp,Machine plot,0.951042743
127,Mp,Machine plot,-0.286148874
129,Mp,Machine plot,0.250847203
129,Mp,Machine plot,1.054170548
129,Mp,Machine plot,0.999947299
129,Mp,Machine plot,-0.291100225
132,Mp,Machine plot,0.111731162
132,Mp,Machine plot,1.04343584
132,Mp,Machine plot,1.068329196
132,Mp,Machine plot,-0.325825433
134,Mp,Machine plot,0.028322897
134,Mp,Machine plot,1.069195218
134,Mp,Machine plot,1.008207687
134,Mp,Machine plot,-0.373618727
137,Mp,Machine plot,0.063900561
137,Mp,Machine plot,0.931831563
137,Mp,Machine plot,0.968304738
137,Mp,Machine plot,-0.384171737
139,Mp,Machine plot,0.270799972
139,Mp,Machine plot,2.24558041
139,Mp,Machine plot,0.045227587